Dataset	Epoch	Precision	Recall	F1	Accuracy
tacred:test	-1	0.6395939086294417	0.9767441860465116	0.7730061349693252	0.7083333333333334
unifiedQA:test	-1	0.6858974358974359	0.9727272727272728	0.8045112781954887	0.74
anchor:dummy	-1	0.14285714285714285	1.0	0.25	0.25
tacred:test	0	0.9402985074626866	0.9545454545454546	0.9473684210526316	0.946969696969697
unifiedQA:test	0	0.944954128440367	0.9363636363636364	0.9406392694063928	0.935
anchor:dummy	0	0.23529411764705882	1.0	0.38095238095238093	0.59375
tacred:test	1	0.9758064516129032	0.9166666666666666	0.9453125	0.946969696969697
unifiedQA:test	1	0.8991596638655462	0.9727272727272728	0.9344978165938865	0.925
anchor:dummy	1	0.23333333333333334	0.875	0.3684210526315789	0.625
